"{""id"": ""31"", ""nome"": ""436c69656e74652031"", ""email"": ""636c69656e74653140656d61696c2e636f6d"", ""telefone"": ""3131393837363534333231"", ""endereco"": ""527561204578656d706c6f2c203130""}"
"{""id"": ""32"", ""nome"": ""436c69656e74652032"", ""email"": ""636c69656e74653240656d61696c2e636f6d"", ""telefone"": ""3131393837363534333232"", ""endereco"": ""527561204578656d706c6f2c203230""}"
"{""id"": ""33"", ""nome"": ""436c69656e74652033"", ""email"": ""636c69656e74653340656d61696c2e636f6d"", ""telefone"": ""3131393837363534333233"", ""endereco"": ""527561204578656d706c6f2c203330""}"
"{""id"": ""34"", ""nome"": ""436c69656e74652034"", ""email"": ""636c69656e74653440656d61696c2e636f6d"", ""telefone"": ""3131393837363534333234"", ""endereco"": ""527561204578656d706c6f2c203430""}"
"{""id"": ""35"", ""nome"": ""436c69656e74652035"", ""email"": ""636c69656e74653540656d61696c2e636f6d"", ""telefone"": ""3131393837363534333235"", ""endereco"": ""527561204578656d706c6f2c203530""}"
"{""id"": ""36"", ""nome"": ""436c69656e74652036"", ""email"": ""636c69656e74653640656d61696c2e636f6d"", ""telefone"": ""3131393837363534333236"", ""endereco"": ""527561204578656d706c6f2c203630""}"
"{""id"": ""37"", ""nome"": ""436c69656e74652037"", ""email"": ""636c69656e74653740656d61696c2e636f6d"", ""telefone"": ""3131393837363534333237"", ""endereco"": ""527561204578656d706c6f2c203730""}"
"{""id"": ""38"", ""nome"": ""436c69656e74652038"", ""email"": ""636c69656e74653840656d61696c2e636f6d"", ""telefone"": ""3131393837363534333238"", ""endereco"": ""527561204578656d706c6f2c203830""}"
"{""id"": ""39"", ""nome"": ""436c69656e74652039"", ""email"": ""636c69656e74653940656d61696c2e636f6d"", ""telefone"": ""3131393837363534333239"", ""endereco"": ""527561204578656d706c6f2c203930""}"
"{""id"": ""3130"", ""nome"": ""436c69656e7465203130"", ""email"": ""636c69656e7465313040656d61696c2e636f6d"", ""telefone"": ""313139383736353433323130"", ""endereco"": ""527561204578656d706c6f2c20313030""}"
